Assetid | 12345, TechStack | OS:RHEL;Version:6.8.7;DB:MongoDB;Middleware:Nginx,additional_info | IP:10.20.30.44;Hname:hname1;owner:abc@xyz.com
Assetid | 12346, TechStack | OS:RHEL;Version:6.8.7;DB:MongoDB;Middleware:Tomcat,additional_info | IP:10.20.30.45;Hname:hname1;owner:abc@xyz.com
Assetid | 12347, TechStack | OS:RHEL;Version:6.8.7;DB:MongoDB;Middleware:Apache,additional_info | IP:10.20.30.46;Hname:hname1;owner:abc@xyz.com
Assetid | 12348, TechStack | OS:RHEL;Version:6.8.7;DB:MongoDB;Middleware:Nginx,additional_info | IP:10.20.30.44;Hname:hname1;owner:abc@xyz.com
Assetid | 12349, TechStack | OS:RHEL;Version:6.8.7;DB:MongoDB;Middleware:Tomcat,additional_info | IP:10.20.30.45;Hname:hname1;owner:abc@xyz.com
Assetid | 12350, TechStack | OS:RHEL;Version:6.8.7;DB:MongoDB;Middleware:Apache,additional_info | IP:10.20.30.46;Hname:hname1;owner:abc@xyz.com
Assetid | 12351, TechStack | OS:RHEL;Version:6.8.7;DB:MongoDB;Middleware:Nginx,additional_info | IP:10.20.30.44;Hname:hname1;owner:abc@xyz.com
Assetid | 12352, TechStack | OS:RHEL;Version:6.8.7;DB:MongoDB;Middleware:Tomcat,additional_info | IP:10.20.30.45;Hname:hname1;owner:abc@xyz.com
Assetid | 12353, TechStack | OS:RHEL;Version:6.8.7;DB:MongoDB;Middleware:Apache,additional_info | IP:10.20.30.46;Hname:hname1;owner:abc@xyz.com
Assetid | 12354, TechStack | OS:RHEL;Version:6.8.7;DB:MongoDB;Middleware:Nginx,additional_info | IP:10.20.30.44;Hname:hname1;owner:abc@xyz.com
Assetid | 12355, TechStack | OS:RHEL;Version:6.8.7;DB:MongoDB;Middleware:Tomcat,additional_info | IP:10.20.30.45;Hname:hname1;owner:abc@xyz.com
Assetid | 12356, TechStack | OS:RHEL;Version:6.8.7;DB:MongoDB;Middleware:Apache,additional_info | IP:10.20.30.46;Hname:hname1;owner:abc@xyz.com
Assetid | 12357, TechStack | OS:RHEL;Version:6.8.7;DB:MongoDB;Middleware:Nginx,additional_info | IP:10.20.30.44;Hname:hname1;owner:abc@xyz.com
Assetid | 12358, TechStack | OS:RHEL;Version:6.8.7;DB:MongoDB;Middleware:Tomcat,additional_info | IP:10.20.30.45;Hname:hname1;owner:abc@xyz.com
Assetid | 12359, TechStack | OS:RHEL;Version:6.8.7;DB:MongoDB;Middleware:Apache,additional_info | IP:10.20.30.46;Hname:hname1;owner:abc@xyz.com
Assetid | 12360, TechStack | OS:RHEL;Version:6.8.7;DB:MongoDB;Middleware:Nginx,additional_info | IP:10.20.30.44;Hname:hname1;owner:abc@xyz.com
Assetid | 12361, TechStack | OS:RHEL;Version:6.8.7;DB:MongoDB;Middleware:Tomcat,additional_info | IP:10.20.30.45;Hname:hname1;owner:abc@xyz.com
Assetid | 12362, TechStack | OS:RHEL;Version:6.8.7;DB:MongoDB;Middleware:Apache,additional_info | IP:10.20.30.46;Hname:hname1;owner:abc@xyz.com
Assetid | 12363, TechStack | OS:RHEL;Version:6.8.7;DB:MongoDB;Middleware:Nginx,additional_info | IP:10.20.30.44;Hname:hname1;owner:abc@xyz.com
Assetid | 12364, TechStack | OS:RHEL;Version:6.8.7;DB:MongoDB;Middleware:Tomcat,additional_info | IP:10.20.30.45;Hname:hname1;owner:abc@xyz.com
Assetid | 12365, TechStack | OS:RHEL;Version:6.8.7;DB:MongoDB;Middleware:Apache,additional_info | IP:10.20.30.46;Hname:hname1;owner:abc@xyz.com
Assetid | 12366, TechStack | OS:RHEL;Version:6.8.7;DB:MongoDB;Middleware:Nginx,additional_info | IP:10.20.30.44;Hname:hname1;owner:abc@xyz.com
Assetid | 12367, TechStack | OS:RHEL;Version:6.8.7;DB:MongoDB;Middleware:Tomcat,additional_info | IP:10.20.30.45;Hname:hname1;owner:abc@xyz.com
Assetid | 12368, TechStack | OS:RHEL;Version:6.8.7;DB:MongoDB;Middleware:Apache,additional_info | IP:10.20.30.46;Hname:hname1;owner:abc@xyz.com
Assetid | 12369, TechStack | OS:RHEL;Version:6.8.7;DB:MongoDB;Middleware:Nginx,additional_info | IP:10.20.30.44;Hname:hname1;owner:abc@xyz.com
Assetid | 12370, TechStack | OS:RHEL;Version:6.8.7;DB:MongoDB;Middleware:Tomcat,additional_info | IP:10.20.30.45;Hname:hname1;owner:abc@xyz.com
Assetid | 12371, TechStack | OS:RHEL;Version:6.8.7;DB:MongoDB;Middleware:Apache,additional_info | IP:10.20.30.46;Hname:hname1;owner:abc@xyz.com
Assetid | 12372, TechStack | OS:RHEL;Version:6.8.7;DB:MongoDB;Middleware:Nginx,additional_info | IP:10.20.30.44;Hname:hname1;owner:abc@xyz.com
Assetid | 12373, TechStack | OS:RHEL;Version:6.8.7;DB:MongoDB;Middleware:Tomcat,additional_info | IP:10.20.30.45;Hname:hname1;owner:abc@xyz.com
Assetid | 12374, TechStack | OS:RHEL;Version:6.8.7;DB:MongoDB;Middleware:Apache,additional_info | IP:10.20.30.46;Hname:hname1;owner:abc@xyz.com
Assetid | 12375, TechStack | OS:RHEL;Version:6.8.7;DB:MongoDB;Middleware:Nginx,additional_info | IP:10.20.30.44;Hname:hname1;owner:abc@xyz.com
Assetid | 12376, TechStack | OS:RHEL;Version:6.8.7;DB:MongoDB;Middleware:Tomcat,additional_info | IP:10.20.30.45;Hname:hname1;owner:abc@xyz.com
Assetid | 12377, TechStack | OS:RHEL;Version:6.8.7;DB:MongoDB;Middleware:Apache,additional_info | IP:10.20.30.46;Hname:hname1;owner:abc@xyz.com
Assetid | 12378, TechStack | OS:RHEL;Version:6.8.7;DB:MongoDB;Middleware:Nginx,additional_info | IP:10.20.30.44;Hname:hname1;owner:abc@xyz.com
Assetid | 12379, TechStack | OS:RHEL;Version:6.8.7;DB:MongoDB;Middleware:Tomcat,additional_info | IP:10.20.30.45;Hname:hname1;owner:abc@xyz.com
Assetid | 12380, TechStack | OS:RHEL;Version:6.8.7;DB:MongoDB;Middleware:Apache,additional_info | IP:10.20.30.46;Hname:hname1;owner:abc@xyz.com
Assetid | 12381, TechStack | OS:RHEL;Version:6.8.7;DB:MongoDB;Middleware:Nginx,additional_info | IP:10.20.30.44;Hname:hname1;owner:abc@xyz.com
Assetid | 12382, TechStack | OS:RHEL;Version:6.8.7;DB:MongoDB;Middleware:Tomcat,additional_info | IP:10.20.30.45;Hname:hname1;owner:abc@xyz.com
Assetid | 12383, TechStack | OS:RHEL;Version:6.8.7;DB:MongoDB;Middleware:Apache,additional_info | IP:10.20.30.46;Hname:hname1;owner:abc@xyz.com
Assetid | 12384, TechStack | OS:RHEL;Version:6.8.7;DB:MongoDB;Middleware:Nginx,additional_info | IP:10.20.30.44;Hname:hname1;owner:abc@xyz.com
Assetid | 12385, TechStack | OS:RHEL;Version:6.8.7;DB:MongoDB;Middleware:Tomcat,additional_info | IP:10.20.30.45;Hname:hname1;owner:abc@xyz.com
Assetid | 12386, TechStack | OS:RHEL;Version:6.8.7;DB:MongoDB;Middleware:Apache,additional_info | IP:10.20.30.46;Hname:hname1;owner:abc@xyz.com
Assetid | 12387, TechStack | OS:RHEL;Version:6.8.7;DB:MongoDB;Middleware:Nginx,additional_info | IP:10.20.30.44;Hname:hname1;owner:abc@xyz.com
Assetid | 12388, TechStack | OS:RHEL;Version:6.8.7;DB:MongoDB;Middleware:Tomcat,additional_info | IP:10.20.30.45;Hname:hname1;owner:abc@xyz.com
Assetid | 12389, TechStack | OS:RHEL;Version:6.8.7;DB:MongoDB;Middleware:Apache,additional_info | IP:10.20.30.46;Hname:hname1;owner:abc@xyz.com
Assetid | 12390, TechStack | OS:RHEL;Version:6.8.7;DB:MongoDB;Middleware:Nginx,additional_info | IP:10.20.30.44;Hname:hname1;owner:abc@xyz.com
Assetid | 12391, TechStack | OS:RHEL;Version:6.8.7;DB:MongoDB;Middleware:Tomcat,additional_info | IP:10.20.30.45;Hname:hname1;owner:abc@xyz.com
Assetid | 12392, TechStack | OS:RHEL;Version:6.8.7;DB:MongoDB;Middleware:Apache,additional_info | IP:10.20.30.46;Hname:hname1;owner:abc@xyz.com
Assetid | 12393, TechStack | OS:RHEL;Version:6.8.7;DB:MongoDB;Middleware:Nginx,additional_info | IP:10.20.30.44;Hname:hname1;owner:abc@xyz.com
Assetid | 12394, TechStack | OS:RHEL;Version:6.8.7;DB:MongoDB;Middleware:Tomcat,additional_info | IP:10.20.30.45;Hname:hname1;owner:abc@xyz.com
Assetid | 12395, TechStack | OS:RHEL;Version:6.8.7;DB:MongoDB;Middleware:Apache,additional_info | IP:10.20.30.46;Hname:hname1;owner:abc@xyz.com
Assetid | 12396, TechStack | OS:RHEL;Version:6.8.7;DB:MongoDB;Middleware:Nginx,additional_info | IP:10.20.30.44;Hname:hname1;owner:abc@xyz.com
Assetid | 12397, TechStack | OS:RHEL;Version:6.8.7;DB:MongoDB;Middleware:Tomcat,additional_info | IP:10.20.30.45;Hname:hname1;owner:abc@xyz.com
Assetid | 12398, TechStack | OS:RHEL;Version:6.8.7;DB:MongoDB;Middleware:Apache,additional_info | IP:10.20.30.46;Hname:hname1;owner:abc@xyz.com
Assetid | 12399, TechStack | OS:RHEL;Version:6.8.7;DB:MongoDB;Middleware:Nginx,additional_info | IP:10.20.30.44;Hname:hname1;owner:abc@xyz.com
Assetid | 12400, TechStack | OS:RHEL;Version:6.8.7;DB:MongoDB;Middleware:Tomcat,additional_info | IP:10.20.30.45;Hname:hname1;owner:abc@xyz.com
Assetid | 12401, TechStack | OS:RHEL;Version:6.8.7;DB:MongoDB;Middleware:Apache,additional_info | IP:10.20.30.46;Hname:hname1;owner:abc@xyz.com
Assetid | 12402, TechStack | OS:RHEL;Version:6.8.7;DB:MongoDB;Middleware:Nginx,additional_info | IP:10.20.30.44;Hname:hname1;owner:abc@xyz.com
Assetid | 12403, TechStack | OS:RHEL;Version:6.8.7;DB:MongoDB;Middleware:Tomcat,additional_info | IP:10.20.30.45;Hname:hname1;owner:abc@xyz.com
Assetid | 12404, TechStack | OS:RHEL;Version:6.8.7;DB:MongoDB;Middleware:Apache,additional_info | IP:10.20.30.46;Hname:hname1;owner:abc@xyz.com
Assetid | 12405, TechStack | OS:RHEL;Version:6.8.7;DB:MongoDB;Middleware:Nginx,additional_info | IP:10.20.30.44;Hname:hname1;owner:abc@xyz.com
Assetid | 12406, TechStack | OS:RHEL;Version:6.8.7;DB:MongoDB;Middleware:Tomcat,additional_info | IP:10.20.30.45;Hname:hname1;owner:abc@xyz.com
Assetid | 12407, TechStack | OS:RHEL;Version:6.8.7;DB:MongoDB;Middleware:Apache,additional_info | IP:10.20.30.46;Hname:hname1;owner:abc@xyz.com
Assetid | 12408, TechStack | OS:RHEL;Version:6.8.7;DB:MongoDB;Middleware:Nginx,additional_info | IP:10.20.30.44;Hname:hname1;owner:abc@xyz.com
Assetid | 12409, TechStack | OS:RHEL;Version:6.8.7;DB:MongoDB;Middleware:Tomcat,additional_info | IP:10.20.30.45;Hname:hname1;owner:abc@xyz.com
Assetid | 12410, TechStack | OS:RHEL;Version:6.8.7;DB:MongoDB;Middleware:Apache,additional_info | IP:10.20.30.46;Hname:hname1;owner:abc@xyz.com
Assetid | 12411, TechStack | OS:RHEL;Version:6.8.7;DB:MongoDB;Middleware:Nginx,additional_info | IP:10.20.30.44;Hname:hname1;owner:abc@xyz.com
Assetid | 12412, TechStack | OS:RHEL;Version:6.8.7;DB:MongoDB;Middleware:Tomcat,additional_info | IP:10.20.30.45;Hname:hname1;owner:abc@xyz.com
Assetid | 12413, TechStack | OS:RHEL;Version:6.8.7;DB:MongoDB;Middleware:Apache,additional_info | IP:10.20.30.46;Hname:hname1;owner:abc@xyz.com
Assetid | 12414, TechStack | OS:RHEL;Version:6.8.7;DB:MongoDB;Middleware:Nginx,additional_info | IP:10.20.30.44;Hname:hname1;owner:abc@xyz.com
Assetid | 12415, TechStack | OS:RHEL;Version:6.8.7;DB:MongoDB;Middleware:Tomcat,additional_info | IP:10.20.30.45;Hname:hname1;owner:abc@xyz.com
Assetid | 12416, TechStack | OS:RHEL;Version:6.8.7;DB:MongoDB;Middleware:Apache,additional_info | IP:10.20.30.46;Hname:hname1;owner:abc@xyz.com
Assetid | 12417, TechStack | OS:RHEL;Version:6.8.7;DB:MongoDB;Middleware:Nginx,additional_info | IP:10.20.30.44;Hname:hname1;owner:abc@xyz.com
Assetid | 12418, TechStack | OS:RHEL;Version:6.8.7;DB:MongoDB;Middleware:Tomcat,additional_info | IP:10.20.30.45;Hname:hname1;owner:abc@xyz.com
Assetid | 12419, TechStack | OS:RHEL;Version:6.8.7;DB:MongoDB;Middleware:Apache,additional_info | IP:10.20.30.46;Hname:hname1;owner:abc@xyz.com
Assetid | 12420, TechStack | OS:RHEL;Version:6.8.7;DB:MongoDB;Middleware:Nginx,additional_info | IP:10.20.30.44;Hname:hname1;owner:abc@xyz.com
Assetid | 12421, TechStack | OS:RHEL;Version:6.8.7;DB:MongoDB;Middleware:Tomcat,additional_info | IP:10.20.30.45;Hname:hname1;owner:abc@xyz.com
Assetid | 12422, TechStack | OS:RHEL;Version:6.8.7;DB:MongoDB;Middleware:Apache,additional_info | IP:10.20.30.46;Hname:hname1;owner:abc@xyz.com
Assetid | 12423, TechStack | OS:RHEL;Version:6.8.7;DB:MongoDB;Middleware:Nginx,additional_info | IP:10.20.30.44;Hname:hname1;owner:abc@xyz.com
Assetid | 12424, TechStack | OS:RHEL;Version:6.8.7;DB:MongoDB;Middleware:Tomcat,additional_info | IP:10.20.30.45;Hname:hname1;owner:abc@xyz.com
Assetid | 12425, TechStack | OS:RHEL;Version:6.8.7;DB:MongoDB;Middleware:Apache,additional_info | IP:10.20.30.46;Hname:hname1;owner:abc@xyz.com
Assetid | 12426, TechStack | OS:RHEL;Version:6.8.7;DB:MongoDB;Middleware:Nginx,additional_info | IP:10.20.30.44;Hname:hname1;owner:abc@xyz.com
Assetid | 12427, TechStack | OS:RHEL;Version:6.8.7;DB:MongoDB;Middleware:Tomcat,additional_info | IP:10.20.30.45;Hname:hname1;owner:abc@xyz.com
Assetid | 12428, TechStack | OS:RHEL;Version:6.8.7;DB:MongoDB;Middleware:Apache,additional_info | IP:10.20.30.46;Hname:hname1;owner:abc@xyz.com
Assetid | 12429, TechStack | OS:RHEL;Version:6.8.7;DB:MongoDB;Middleware:Nginx,additional_info | IP:10.20.30.44;Hname:hname1;owner:abc@xyz.com
Assetid | 12430, TechStack | OS:RHEL;Version:6.8.7;DB:MongoDB;Middleware:Tomcat,additional_info | IP:10.20.30.45;Hname:hname1;owner:abc@xyz.com
Assetid | 12431, TechStack | OS:RHEL;Version:6.8.7;DB:MongoDB;Middleware:Apache,additional_info | IP:10.20.30.46;Hname:hname1;owner:abc@xyz.com
Assetid | 12432, TechStack | OS:RHEL;Version:6.8.7;DB:MongoDB;Middleware:Nginx,additional_info | IP:10.20.30.44;Hname:hname1;owner:abc@xyz.com
Assetid | 12433, TechStack | OS:RHEL;Version:6.8.7;DB:MongoDB;Middleware:Tomcat,additional_info | IP:10.20.30.45;Hname:hname1;owner:abc@xyz.com
Assetid | 12434, TechStack | OS:RHEL;Version:6.8.7;DB:MongoDB;Middleware:Apache,additional_info | IP:10.20.30.46;Hname:hname1;owner:abc@xyz.com
Assetid | 12435, TechStack | OS:RHEL;Version:6.8.7;DB:MongoDB;Middleware:Nginx,additional_info | IP:10.20.30.44;Hname:hname1;owner:abc@xyz.com
Assetid | 12436, TechStack | OS:RHEL;Version:6.8.7;DB:MongoDB;Middleware:Tomcat,additional_info | IP:10.20.30.45;Hname:hname1;owner:abc@xyz.com
Assetid | 12437, TechStack | OS:RHEL;Version:6.8.7;DB:MongoDB;Middleware:Apache,additional_info | IP:10.20.30.46;Hname:hname1;owner:abc@xyz.com
Assetid | 12438, TechStack | OS:RHEL;Version:6.8.7;DB:MongoDB;Middleware:Nginx,additional_info | IP:10.20.30.44;Hname:hname1;owner:abc@xyz.com
Assetid | 12439, TechStack | OS:RHEL;Version:6.8.7;DB:MongoDB;Middleware:Tomcat,additional_info | IP:10.20.30.45;Hname:hname1;owner:abc@xyz.com
Assetid | 12440, TechStack | OS:RHEL;Version:6.8.7;DB:MongoDB;Middleware:Apache,additional_info | IP:10.20.30.46;Hname:hname1;owner:abc@xyz.com
Assetid | 12441, TechStack | OS:RHEL;Version:6.8.7;DB:MongoDB;Middleware:Nginx,additional_info | IP:10.20.30.44;Hname:hname1;owner:abc@xyz.com
Assetid | 12442, TechStack | OS:RHEL;Version:6.8.7;DB:MongoDB;Middleware:Tomcat,additional_info | IP:10.20.30.45;Hname:hname1;owner:abc@xyz.com
Assetid | 12443, TechStack | OS:RHEL;Version:6.8.7;DB:MongoDB;Middleware:Apache,additional_info | IP:10.20.30.46;Hname:hname1;owner:abc@xyz.com
Assetid | 12444, TechStack | OS:RHEL;Version:6.8.7;DB:MongoDB;Middleware:Nginx,additional_info | IP:10.20.30.44;Hname:hname1;owner:abc@xyz.com
Assetid | 12445, TechStack | OS:RHEL;Version:6.8.7;DB:MongoDB;Middleware:Tomcat,additional_info | IP:10.20.30.45;Hname:hname1;owner:abc@xyz.com
Assetid | 12446, TechStack | OS:RHEL;Version:6.8.7;DB:MongoDB;Middleware:Apache,additional_info | IP:10.20.30.46;Hname:hname1;owner:abc@xyz.com
Assetid | 12447, TechStack | OS:RHEL;Version:6.8.7;DB:MongoDB;Middleware:Nginx,additional_info | IP:10.20.30.44;Hname:hname1;owner:abc@xyz.com
Assetid | 12448, TechStack | OS:RHEL;Version:6.8.7;DB:MongoDB;Middleware:Tomcat,additional_info | IP:10.20.30.45;Hname:hname1;owner:abc@xyz.com
Assetid | 12449, TechStack | OS:RHEL;Version:6.8.7;DB:MongoDB;Middleware:Apache,additional_info | IP:10.20.30.46;Hname:hname1;owner:abc@xyz.com
Assetid | 12450, TechStack | OS:RHEL;Version:6.8.7;DB:MongoDB;Middleware:Nginx,additional_info | IP:10.20.30.44;Hname:hname1;owner:abc@xyz.com
Assetid | 12451, TechStack | OS:RHEL;Version:6.8.7;DB:MongoDB;Middleware:Tomcat,additional_info | IP:10.20.30.45;Hname:hname1;owner:abc@xyz.com
Assetid | 12452, TechStack | OS:RHEL;Version:6.8.7;DB:MongoDB;Middleware:Apache,additional_info | IP:10.20.30.46;Hname:hname1;owner:abc@xyz.com
Assetid | 12453, TechStack | OS:RHEL;Version:6.8.7;DB:MongoDB;Middleware:Nginx,additional_info | IP:10.20.30.44;Hname:hname1;owner:abc@xyz.com
Assetid | 12454, TechStack | OS:RHEL;Version:6.8.7;DB:MongoDB;Middleware:Tomcat,additional_info | IP:10.20.30.45;Hname:hname1;owner:abc@xyz.com
Assetid | 12455, TechStack | OS:RHEL;Version:6.8.7;DB:MongoDB;Middleware:Apache,additional_info | IP:10.20.30.46;Hname:hname1;owner:abc@xyz.com
Assetid | 12456, TechStack | OS:RHEL;Version:6.8.7;DB:MongoDB;Middleware:Nginx,additional_info | IP:10.20.30.44;Hname:hname1;owner:abc@xyz.com
Assetid | 12457, TechStack | OS:RHEL;Version:6.8.7;DB:MongoDB;Middleware:Tomcat,additional_info | IP:10.20.30.45;Hname:hname1;owner:abc@xyz.com
Assetid | 12458, TechStack | OS:RHEL;Version:6.8.7;DB:MongoDB;Middleware:Apache,additional_info | IP:10.20.30.46;Hname:hname1;owner:abc@xyz.com
Assetid | 12459, TechStack | OS:RHEL;Version:6.8.7;DB:MongoDB;Middleware:Nginx,additional_info | IP:10.20.30.44;Hname:hname1;owner:abc@xyz.com
Assetid | 12460, TechStack | OS:RHEL;Version:6.8.7;DB:MongoDB;Middleware:Tomcat,additional_info | IP:10.20.30.45;Hname:hname1;owner:abc@xyz.com
Assetid | 12461, TechStack | OS:RHEL;Version:6.8.7;DB:MongoDB;Middleware:Apache,additional_info | IP:10.20.30.46;Hname:hname1;owner:abc@xyz.com
Assetid | 12462, TechStack | OS:RHEL;Version:6.8.7;DB:MongoDB;Middleware:Nginx,additional_info | IP:10.20.30.44;Hname:hname1;owner:abc@xyz.com
Assetid | 12463, TechStack | OS:RHEL;Version:6.8.7;DB:MongoDB;Middleware:Tomcat,additional_info | IP:10.20.30.45;Hname:hname1;owner:abc@xyz.com
Assetid | 12464, TechStack | OS:RHEL;Version:6.8.7;DB:MongoDB;Middleware:Apache,additional_info | IP:10.20.30.46;Hname:hname1;owner:abc@xyz.com
Assetid | 12465, TechStack | OS:RHEL;Version:6.8.7;DB:MongoDB;Middleware:Nginx,additional_info | IP:10.20.30.44;Hname:hname1;owner:abc@xyz.com
Assetid | 12466, TechStack | OS:RHEL;Version:6.8.7;DB:MongoDB;Middleware:Tomcat,additional_info | IP:10.20.30.45;Hname:hname1;owner:abc@xyz.com
Assetid | 12467, TechStack | OS:RHEL;Version:6.8.7;DB:MongoDB;Middleware:Apache,additional_info | IP:10.20.30.46;Hname:hname1;owner:abc@xyz.com
Assetid | 12468, TechStack | OS:RHEL;Version:6.8.7;DB:MongoDB;Middleware:Nginx,additional_info | IP:10.20.30.44;Hname:hname1;owner:abc@xyz.com
Assetid | 12469, TechStack | OS:RHEL;Version:6.8.7;DB:MongoDB;Middleware:Tomcat,additional_info | IP:10.20.30.45;Hname:hname1;owner:abc@xyz.com
Assetid | 12470, TechStack | OS:RHEL;Version:6.8.7;DB:MongoDB;Middleware:Apache,additional_info | IP:10.20.30.46;Hname:hname1;owner:abc@xyz.com
Assetid | 12471, TechStack | OS:RHEL;Version:6.8.7;DB:MongoDB;Middleware:Nginx,additional_info | IP:10.20.30.44;Hname:hname1;owner:abc@xyz.com
Assetid | 12472, TechStack | OS:RHEL;Version:6.8.7;DB:MongoDB;Middleware:Tomcat,additional_info | IP:10.20.30.45;Hname:hname1;owner:abc@xyz.com
Assetid | 12473, TechStack | OS:RHEL;Version:6.8.7;DB:MongoDB;Middleware:Apache,additional_info | IP:10.20.30.46;Hname:hname1;owner:abc@xyz.com
Assetid | 12474, TechStack | OS:RHEL;Version:6.8.7;DB:MongoDB;Middleware:Nginx,additional_info | IP:10.20.30.44;Hname:hname1;owner:abc@xyz.com
Assetid | 12475, TechStack | OS:RHEL;Version:6.8.7;DB:MongoDB;Middleware:Tomcat,additional_info | IP:10.20.30.45;Hname:hname1;owner:abc@xyz.com
Assetid | 12476, TechStack | OS:RHEL;Version:6.8.7;DB:MongoDB;Middleware:Apache,additional_info | IP:10.20.30.46;Hname:hname1;owner:abc@xyz.com
Assetid | 12477, TechStack | OS:RHEL;Version:6.8.7;DB:MongoDB;Middleware:Nginx,additional_info | IP:10.20.30.44;Hname:hname1;owner:abc@xyz.com
Assetid | 12478, TechStack | OS:RHEL;Version:6.8.7;DB:MongoDB;Middleware:Tomcat,additional_info | IP:10.20.30.45;Hname:hname1;owner:abc@xyz.com
Assetid | 12479, TechStack | OS:RHEL;Version:6.8.7;DB:MongoDB;Middleware:Apache,additional_info | IP:10.20.30.46;Hname:hname1;owner:abc@xyz.com
Assetid | 12480, TechStack | OS:RHEL;Version:6.8.7;DB:MongoDB;Middleware:Nginx,additional_info | IP:10.20.30.44;Hname:hname1;owner:abc@xyz.com
Assetid | 12481, TechStack | OS:RHEL;Version:6.8.7;DB:MongoDB;Middleware:Tomcat,additional_info | IP:10.20.30.45;Hname:hname1;owner:abc@xyz.com
Assetid | 12482, TechStack | OS:RHEL;Version:6.8.7;DB:MongoDB;Middleware:Apache,additional_info | IP:10.20.30.46;Hname:hname1;owner:abc@xyz.com
Assetid | 12483, TechStack | OS:RHEL;Version:6.8.7;DB:MongoDB;Middleware:Nginx,additional_info | IP:10.20.30.44;Hname:hname1;owner:abc@xyz.com
Assetid | 12484, TechStack | OS:RHEL;Version:6.8.7;DB:MongoDB;Middleware:Tomcat,additional_info | IP:10.20.30.45;Hname:hname1;owner:abc@xyz.com
Assetid | 12485, TechStack | OS:RHEL;Version:6.8.7;DB:MongoDB;Middleware:Apache,additional_info | IP:10.20.30.46;Hname:hname1;owner:abc@xyz.com
Assetid | 12486, TechStack | OS:RHEL;Version:6.8.7;DB:MongoDB;Middleware:Nginx,additional_info | IP:10.20.30.44;Hname:hname1;owner:abc@xyz.com
Assetid | 12487, TechStack | OS:RHEL;Version:6.8.7;DB:MongoDB;Middleware:Tomcat,additional_info | IP:10.20.30.45;Hname:hname1;owner:abc@xyz.com
Assetid | 12488, TechStack | OS:RHEL;Version:6.8.7;DB:MongoDB;Middleware:Apache,additional_info | IP:10.20.30.46;Hname:hname1;owner:abc@xyz.com
Assetid | 12489, TechStack | OS:RHEL;Version:6.8.7;DB:MongoDB;Middleware:Nginx,additional_info | IP:10.20.30.44;Hname:hname1;owner:abc@xyz.com
Assetid | 12490, TechStack | OS:RHEL;Version:6.8.7;DB:MongoDB;Middleware:Tomcat,additional_info | IP:10.20.30.45;Hname:hname1;owner:abc@xyz.com
Assetid | 12491, TechStack | OS:RHEL;Version:6.8.7;DB:MongoDB;Middleware:Apache,additional_info | IP:10.20.30.46;Hname:hname1;owner:abc@xyz.com
Assetid | 12492, TechStack | OS:RHEL;Version:6.8.7;DB:MongoDB;Middleware:Nginx,additional_info | IP:10.20.30.44;Hname:hname1;owner:abc@xyz.com
Assetid | 12493, TechStack | OS:RHEL;Version:6.8.7;DB:MongoDB;Middleware:Tomcat,additional_info | IP:10.20.30.45;Hname:hname1;owner:abc@xyz.com
Assetid | 12494, TechStack | OS:RHEL;Version:6.8.7;DB:MongoDB;Middleware:Apache,additional_info | IP:10.20.30.46;Hname:hname1;owner:abc@xyz.com
Assetid | 12495, TechStack | OS:RHEL;Version:6.8.7;DB:MongoDB;Middleware:Nginx,additional_info | IP:10.20.30.44;Hname:hname1;owner:abc@xyz.com
Assetid | 12496, TechStack | OS:RHEL;Version:6.8.7;DB:MongoDB;Middleware:Tomcat,additional_info | IP:10.20.30.45;Hname:hname1;owner:abc@xyz.com
Assetid | 12497, TechStack | OS:RHEL;Version:6.8.7;DB:MongoDB;Middleware:Apache,additional_info | IP:10.20.30.46;Hname:hname1;owner:abc@xyz.com
Assetid | 12498, TechStack | OS:RHEL;Version:6.8.7;DB:MongoDB;Middleware:Nginx,additional_info | IP:10.20.30.44;Hname:hname1;owner:abc@xyz.com
Assetid | 12499, TechStack | OS:RHEL;Version:6.8.7;DB:MongoDB;Middleware:Tomcat,additional_info | IP:10.20.30.45;Hname:hname1;owner:abc@xyz.com
Assetid | 12500, TechStack | OS:RHEL;Version:6.8.7;DB:MongoDB;Middleware:Apache,additional_info | IP:10.20.30.46;Hname:hname1;owner:abc@xyz.com
Assetid | 12501, TechStack | OS:RHEL;Version:6.8.7;DB:MongoDB;Middleware:Nginx,additional_info | IP:10.20.30.44;Hname:hname1;owner:abc@xyz.com
Assetid | 12502, TechStack | OS:RHEL;Version:6.8.7;DB:MongoDB;Middleware:Tomcat,additional_info | IP:10.20.30.45;Hname:hname1;owner:abc@xyz.com
Assetid | 12503, TechStack | OS:RHEL;Version:6.8.7;DB:MongoDB;Middleware:Apache,additional_info | IP:10.20.30.46;Hname:hname1;owner:abc@xyz.com
Assetid | 12504, TechStack | OS:RHEL;Version:6.8.7;DB:MongoDB;Middleware:Nginx,additional_info | IP:10.20.30.44;Hname:hname1;owner:abc@xyz.com
Assetid | 12505, TechStack | OS:RHEL;Version:6.8.7;DB:MongoDB;Middleware:Tomcat,additional_info | IP:10.20.30.45;Hname:hname1;owner:abc@xyz.com
Assetid | 12506, TechStack | OS:RHEL;Version:6.8.7;DB:MongoDB;Middleware:Apache,additional_info | IP:10.20.30.46;Hname:hname1;owner:abc@xyz.com
Assetid | 12507, TechStack | OS:RHEL;Version:6.8.7;DB:MongoDB;Middleware:Nginx,additional_info | IP:10.20.30.44;Hname:hname1;owner:abc@xyz.com
Assetid | 12508, TechStack | OS:RHEL;Version:6.8.7;DB:MongoDB;Middleware:Tomcat,additional_info | IP:10.20.30.45;Hname:hname1;owner:abc@xyz.com
Assetid | 12509, TechStack | OS:RHEL;Version:6.8.7;DB:MongoDB;Middleware:Apache,additional_info | IP:10.20.30.46;Hname:hname1;owner:abc@xyz.com
Assetid | 12510, TechStack | OS:RHEL;Version:6.8.7;DB:MongoDB;Middleware:Nginx,additional_info | IP:10.20.30.44;Hname:hname1;owner:abc@xyz.com
Assetid | 12511, TechStack | OS:RHEL;Version:6.8.7;DB:MongoDB;Middleware:Tomcat,additional_info | IP:10.20.30.45;Hname:hname1;owner:abc@xyz.com
Assetid | 12512, TechStack | OS:RHEL;Version:6.8.7;DB:MongoDB;Middleware:Apache,additional_info | IP:10.20.30.46;Hname:hname1;owner:abc@xyz.com
Assetid | 12513, TechStack | OS:RHEL;Version:6.8.7;DB:MongoDB;Middleware:Nginx,additional_info | IP:10.20.30.44;Hname:hname1;owner:abc@xyz.com
Assetid | 12514, TechStack | OS:RHEL;Version:6.8.7;DB:MongoDB;Middleware:Tomcat,additional_info | IP:10.20.30.45;Hname:hname1;owner:abc@xyz.com
Assetid | 12515, TechStack | OS:RHEL;Version:6.8.7;DB:MongoDB;Middleware:Apache,additional_info | IP:10.20.30.46;Hname:hname1;owner:abc@xyz.com
Assetid | 12516, TechStack | OS:RHEL;Version:6.8.7;DB:MongoDB;Middleware:Nginx,additional_info | IP:10.20.30.44;Hname:hname1;owner:abc@xyz.com
Assetid | 12517, TechStack | OS:RHEL;Version:6.8.7;DB:MongoDB;Middleware:Tomcat,additional_info | IP:10.20.30.45;Hname:hname1;owner:abc@xyz.com
Assetid | 12518, TechStack | OS:RHEL;Version:6.8.7;DB:MongoDB;Middleware:Apache,additional_info | IP:10.20.30.46;Hname:hname1;owner:abc@xyz.com
Assetid | 12519, TechStack | OS:RHEL;Version:6.8.7;DB:MongoDB;Middleware:Nginx,additional_info | IP:10.20.30.44;Hname:hname1;owner:abc@xyz.com
Assetid | 12520, TechStack | OS:RHEL;Version:6.8.7;DB:MongoDB;Middleware:Tomcat,additional_info | IP:10.20.30.45;Hname:hname1;owner:abc@xyz.com
Assetid | 12521, TechStack | OS:RHEL;Version:6.8.7;DB:MongoDB;Middleware:Apache,additional_info | IP:10.20.30.46;Hname:hname1;owner:abc@xyz.com
Assetid | 12522, TechStack | OS:RHEL;Version:6.8.7;DB:MongoDB;Middleware:Nginx,additional_info | IP:10.20.30.44;Hname:hname1;owner:abc@xyz.com
Assetid | 12523, TechStack | OS:RHEL;Version:6.8.7;DB:MongoDB;Middleware:Tomcat,additional_info | IP:10.20.30.45;Hname:hname1;owner:abc@xyz.com
Assetid | 12524, TechStack | OS:RHEL;Version:6.8.7;DB:MongoDB;Middleware:Apache,additional_info | IP:10.20.30.46;Hname:hname1;owner:abc@xyz.com
Assetid | 12525, TechStack | OS:RHEL;Version:6.8.7;DB:MongoDB;Middleware:Nginx,additional_info | IP:10.20.30.44;Hname:hname1;owner:abc@xyz.com
Assetid | 12526, TechStack | OS:RHEL;Version:6.8.7;DB:MongoDB;Middleware:Tomcat,additional_info | IP:10.20.30.45;Hname:hname1;owner:abc@xyz.com
Assetid | 12527, TechStack | OS:RHEL;Version:6.8.7;DB:MongoDB;Middleware:Apache,additional_info | IP:10.20.30.46;Hname:hname1;owner:abc@xyz.com
Assetid | 12528, TechStack | OS:RHEL;Version:6.8.7;DB:MongoDB;Middleware:Nginx,additional_info | IP:10.20.30.44;Hname:hname1;owner:abc@xyz.com
Assetid | 12529, TechStack | OS:RHEL;Version:6.8.7;DB:MongoDB;Middleware:Tomcat,additional_info | IP:10.20.30.45;Hname:hname1;owner:abc@xyz.com
Assetid | 12530, TechStack | OS:RHEL;Version:6.8.7;DB:MongoDB;Middleware:Apache,additional_info | IP:10.20.30.46;Hname:hname1;owner:abc@xyz.com
Assetid | 12531, TechStack | OS:RHEL;Version:6.8.7;DB:MongoDB;Middleware:Nginx,additional_info | IP:10.20.30.44;Hname:hname1;owner:abc@xyz.com
Assetid | 12532, TechStack | OS:RHEL;Version:6.8.7;DB:MongoDB;Middleware:Tomcat,additional_info | IP:10.20.30.45;Hname:hname1;owner:abc@xyz.com
Assetid | 12533, TechStack | OS:RHEL;Version:6.8.7;DB:MongoDB;Middleware:Apache,additional_info | IP:10.20.30.46;Hname:hname1;owner:abc@xyz.com
Assetid | 12534, TechStack | OS:RHEL;Version:6.8.7;DB:MongoDB;Middleware:Nginx,additional_info | IP:10.20.30.44;Hname:hname1;owner:abc@xyz.com
Assetid | 12535, TechStack | OS:RHEL;Version:6.8.7;DB:MongoDB;Middleware:Tomcat,additional_info | IP:10.20.30.45;Hname:hname1;owner:abc@xyz.com
Assetid | 12536, TechStack | OS:RHEL;Version:6.8.7;DB:MongoDB;Middleware:Apache,additional_info | IP:10.20.30.46;Hname:hname1;owner:abc@xyz.com
Assetid | 12537, TechStack | OS:RHEL;Version:6.8.7;DB:MongoDB;Middleware:Nginx,additional_info | IP:10.20.30.44;Hname:hname1;owner:abc@xyz.com
Assetid | 12538, TechStack | OS:RHEL;Version:6.8.7;DB:MongoDB;Middleware:Tomcat,additional_info | IP:10.20.30.45;Hname:hname1;owner:abc@xyz.com
Assetid | 12539, TechStack | OS:RHEL;Version:6.8.7;DB:MongoDB;Middleware:Apache,additional_info | IP:10.20.30.46;Hname:hname1;owner:abc@xyz.com
Assetid | 12540, TechStack | OS:RHEL;Version:6.8.7;DB:MongoDB;Middleware:Nginx,additional_info | IP:10.20.30.44;Hname:hname1;owner:abc@xyz.com
Assetid | 12541, TechStack | OS:RHEL;Version:6.8.7;DB:MongoDB;Middleware:Tomcat,additional_info | IP:10.20.30.45;Hname:hname1;owner:abc@xyz.com
Assetid | 12542, TechStack | OS:RHEL;Version:6.8.7;DB:MongoDB;Middleware:Apache,additional_info | IP:10.20.30.46;Hname:hname1;owner:abc@xyz.com
Assetid | 12543, TechStack | OS:RHEL;Version:6.8.7;DB:MongoDB;Middleware:Nginx,additional_info | IP:10.20.30.44;Hname:hname1;owner:abc@xyz.com
Assetid | 12544, TechStack | OS:RHEL;Version:6.8.7;DB:MongoDB;Middleware:Tomcat,additional_info | IP:10.20.30.45;Hname:hname1;owner:abc@xyz.com
Assetid | 12545, TechStack | OS:RHEL;Version:6.8.7;DB:MongoDB;Middleware:Apache,additional_info | IP:10.20.30.46;Hname:hname1;owner:abc@xyz.com
Assetid | 12546, TechStack | OS:RHEL;Version:6.8.7;DB:MongoDB;Middleware:Nginx,additional_info | IP:10.20.30.44;Hname:hname1;owner:abc@xyz.com
Assetid | 12547, TechStack | OS:RHEL;Version:6.8.7;DB:MongoDB;Middleware:Tomcat,additional_info | IP:10.20.30.45;Hname:hname1;owner:abc@xyz.com
Assetid | 12548, TechStack | OS:RHEL;Version:6.8.7;DB:MongoDB;Middleware:Apache,additional_info | IP:10.20.30.46;Hname:hname1;owner:abc@xyz.com
Assetid | 12549, TechStack | OS:RHEL;Version:6.8.7;DB:MongoDB;Middleware:Nginx,additional_info | IP:10.20.30.44;Hname:hname1;owner:abc@xyz.com
Assetid | 12550, TechStack | OS:RHEL;Version:6.8.7;DB:MongoDB;Middleware:Tomcat,additional_info | IP:10.20.30.45;Hname:hname1;owner:abc@xyz.com
Assetid | 12551, TechStack | OS:RHEL;Version:6.8.7;DB:MongoDB;Middleware:Apache,additional_info | IP:10.20.30.46;Hname:hname1;owner:abc@xyz.com
Assetid | 12552, TechStack | OS:RHEL;Version:6.8.7;DB:MongoDB;Middleware:Nginx,additional_info | IP:10.20.30.44;Hname:hname1;owner:abc@xyz.com
Assetid | 12553, TechStack | OS:RHEL;Version:6.8.7;DB:MongoDB;Middleware:Tomcat,additional_info | IP:10.20.30.45;Hname:hname1;owner:abc@xyz.com
Assetid | 12554, TechStack | OS:RHEL;Version:6.8.7;DB:MongoDB;Middleware:Apache,additional_info | IP:10.20.30.46;Hname:hname1;owner:abc@xyz.com
Assetid | 12555, TechStack | OS:RHEL;Version:6.8.7;DB:MongoDB;Middleware:Nginx,additional_info | IP:10.20.30.44;Hname:hname1;owner:abc@xyz.com
Assetid | 12556, TechStack | OS:RHEL;Version:6.8.7;DB:MongoDB;Middleware:Tomcat,additional_info | IP:10.20.30.45;Hname:hname1;owner:abc@xyz.com
Assetid | 12557, TechStack | OS:RHEL;Version:6.8.7;DB:MongoDB;Middleware:Apache,additional_info | IP:10.20.30.46;Hname:hname1;owner:abc@xyz.com
Assetid | 12558, TechStack | OS:RHEL;Version:6.8.7;DB:MongoDB;Middleware:Nginx,additional_info | IP:10.20.30.44;Hname:hname1;owner:abc@xyz.com
Assetid | 12559, TechStack | OS:RHEL;Version:6.8.7;DB:MongoDB;Middleware:Tomcat,additional_info | IP:10.20.30.45;Hname:hname1;owner:abc@xyz.com
Assetid | 12560, TechStack | OS:RHEL;Version:6.8.7;DB:MongoDB;Middleware:Apache,additional_info | IP:10.20.30.46;Hname:hname1;owner:abc@xyz.com
Assetid | 12561, TechStack | OS:RHEL;Version:6.8.7;DB:MongoDB;Middleware:Nginx,additional_info | IP:10.20.30.44;Hname:hname1;owner:abc@xyz.com
Assetid | 12562, TechStack | OS:RHEL;Version:6.8.7;DB:MongoDB;Middleware:Tomcat,additional_info | IP:10.20.30.45;Hname:hname1;owner:abc@xyz.com
Assetid | 12563, TechStack | OS:RHEL;Version:6.8.7;DB:MongoDB;Middleware:Apache,additional_info | IP:10.20.30.46;Hname:hname1;owner:abc@xyz.com
Assetid | 12564, TechStack | OS:RHEL;Version:6.8.7;DB:MongoDB;Middleware:Nginx,additional_info | IP:10.20.30.44;Hname:hname1;owner:abc@xyz.com
Assetid | 12565, TechStack | OS:RHEL;Version:6.8.7;DB:MongoDB;Middleware:Tomcat,additional_info | IP:10.20.30.45;Hname:hname1;owner:abc@xyz.com
Assetid | 12566, TechStack | OS:RHEL;Version:6.8.7;DB:MongoDB;Middleware:Apache,additional_info | IP:10.20.30.46;Hname:hname1;owner:abc@xyz.com
Assetid | 12567, TechStack | OS:RHEL;Version:6.8.7;DB:MongoDB;Middleware:Nginx,additional_info | IP:10.20.30.44;Hname:hname1;owner:abc@xyz.com
Assetid | 12568, TechStack | OS:RHEL;Version:6.8.7;DB:MongoDB;Middleware:Tomcat,additional_info | IP:10.20.30.45;Hname:hname1;owner:abc@xyz.com
Assetid | 12569, TechStack | OS:RHEL;Version:6.8.7;DB:MongoDB;Middleware:Apache,additional_info | IP:10.20.30.46;Hname:hname1;owner:abc@xyz.com
Assetid | 12570, TechStack | OS:RHEL;Version:6.8.7;DB:MongoDB;Middleware:Nginx,additional_info | IP:10.20.30.44;Hname:hname1;owner:abc@xyz.com
Assetid | 12571, TechStack | OS:RHEL;Version:6.8.7;DB:MongoDB;Middleware:Tomcat,additional_info | IP:10.20.30.45;Hname:hname1;owner:abc@xyz.com
Assetid | 12572, TechStack | OS:RHEL;Version:6.8.7;DB:MongoDB;Middleware:Apache,additional_info | IP:10.20.30.46;Hname:hname1;owner:abc@xyz.com
Assetid | 12573, TechStack | OS:RHEL;Version:6.8.7;DB:MongoDB;Middleware:Nginx,additional_info | IP:10.20.30.44;Hname:hname1;owner:abc@xyz.com
Assetid | 12574, TechStack | OS:RHEL;Version:6.8.7;DB:MongoDB;Middleware:Tomcat,additional_info | IP:10.20.30.45;Hname:hname1;owner:abc@xyz.com
Assetid | 12575, TechStack | OS:RHEL;Version:6.8.7;DB:MongoDB;Middleware:Apache,additional_info | IP:10.20.30.46;Hname:hname1;owner:abc@xyz.com
Assetid | 12576, TechStack | OS:RHEL;Version:6.8.7;DB:MongoDB;Middleware:Nginx,additional_info | IP:10.20.30.44;Hname:hname1;owner:abc@xyz.com
Assetid | 12577, TechStack | OS:RHEL;Version:6.8.7;DB:MongoDB;Middleware:Tomcat,additional_info | IP:10.20.30.45;Hname:hname1;owner:abc@xyz.com
Assetid | 12578, TechStack | OS:RHEL;Version:6.8.7;DB:MongoDB;Middleware:Apache,additional_info | IP:10.20.30.46;Hname:hname1;owner:abc@xyz.com
Assetid | 12579, TechStack | OS:RHEL;Version:6.8.7;DB:MongoDB;Middleware:Nginx,additional_info | IP:10.20.30.44;Hname:hname1;owner:abc@xyz.com
Assetid | 12580, TechStack | OS:RHEL;Version:6.8.7;DB:MongoDB;Middleware:Tomcat,additional_info | IP:10.20.30.45;Hname:hname1;owner:abc@xyz.com
Assetid | 12581, TechStack | OS:RHEL;Version:6.8.7;DB:MongoDB;Middleware:Apache,additional_info | IP:10.20.30.46;Hname:hname1;owner:abc@xyz.com
Assetid | 12582, TechStack | OS:RHEL;Version:6.8.7;DB:MongoDB;Middleware:Nginx,additional_info | IP:10.20.30.44;Hname:hname1;owner:abc@xyz.com
Assetid | 12583, TechStack | OS:RHEL;Version:6.8.7;DB:MongoDB;Middleware:Tomcat,additional_info | IP:10.20.30.45;Hname:hname1;owner:abc@xyz.com
Assetid | 12584, TechStack | OS:RHEL;Version:6.8.7;DB:MongoDB;Middleware:Apache,additional_info | IP:10.20.30.46;Hname:hname1;owner:abc@xyz.com
Assetid | 12585, TechStack | OS:RHEL;Version:6.8.7;DB:MongoDB;Middleware:Nginx,additional_info | IP:10.20.30.44;Hname:hname1;owner:abc@xyz.com
Assetid | 12586, TechStack | OS:RHEL;Version:6.8.7;DB:MongoDB;Middleware:Tomcat,additional_info | IP:10.20.30.45;Hname:hname1;owner:abc@xyz.com
Assetid | 12587, TechStack | OS:RHEL;Version:6.8.7;DB:MongoDB;Middleware:Apache,additional_info | IP:10.20.30.46;Hname:hname1;owner:abc@xyz.com
Assetid | 12588, TechStack | OS:RHEL;Version:6.8.7;DB:MongoDB;Middleware:Nginx,additional_info | IP:10.20.30.44;Hname:hname1;owner:abc@xyz.com
Assetid | 12589, TechStack | OS:RHEL;Version:6.8.7;DB:MongoDB;Middleware:Tomcat,additional_info | IP:10.20.30.45;Hname:hname1;owner:abc@xyz.com
Assetid | 12590, TechStack | OS:RHEL;Version:6.8.7;DB:MongoDB;Middleware:Apache,additional_info | IP:10.20.30.46;Hname:hname1;owner:abc@xyz.com
Assetid | 12591, TechStack | OS:RHEL;Version:6.8.7;DB:MongoDB;Middleware:Nginx,additional_info | IP:10.20.30.44;Hname:hname1;owner:abc@xyz.com
Assetid | 12592, TechStack | OS:RHEL;Version:6.8.7;DB:MongoDB;Middleware:Tomcat,additional_info | IP:10.20.30.45;Hname:hname1;owner:abc@xyz.com
Assetid | 12593, TechStack | OS:RHEL;Version:6.8.7;DB:MongoDB;Middleware:Apache,additional_info | IP:10.20.30.46;Hname:hname1;owner:abc@xyz.com
Assetid | 12594, TechStack | OS:RHEL;Version:6.8.7;DB:MongoDB;Middleware:Nginx,additional_info | IP:10.20.30.44;Hname:hname1;owner:abc@xyz.com
Assetid | 12595, TechStack | OS:RHEL;Version:6.8.7;DB:MongoDB;Middleware:Tomcat,additional_info | IP:10.20.30.45;Hname:hname1;owner:abc@xyz.com
Assetid | 12596, TechStack | OS:RHEL;Version:6.8.7;DB:MongoDB;Middleware:Apache,additional_info | IP:10.20.30.46;Hname:hname1;owner:abc@xyz.com
Assetid | 12597, TechStack | OS:RHEL;Version:6.8.7;DB:MongoDB;Middleware:Nginx,additional_info | IP:10.20.30.44;Hname:hname1;owner:abc@xyz.com
Assetid | 12598, TechStack | OS:RHEL;Version:6.8.7;DB:MongoDB;Middleware:Tomcat,additional_info | IP:10.20.30.45;Hname:hname1;owner:abc@xyz.com
Assetid | 12599, TechStack | OS:RHEL;Version:6.8.7;DB:MongoDB;Middleware:Nginx,additional_info | IP:10.20.30.45;Hname:hname1;owner:abc@xyz.com
